Name,Hash,Input
001-10,92dc57b9,10
001-20,5279170e,20
0001-02-05,62be556b,5
001-40,4744e980,40
001-5,1854ec89,5
001-80,51542,80
002-10,afb39ba1,10
0002-01-25,ea700ce1,1.25
002-20,2e97eebd,20
0002-02-05,c88f88e2,5
002-40,7b848d72,40
002-5,abbe63e2,5
002-80,396b780d,80
DBS-001-10,365af329,10
DBS-001-20,bdcc5300,20
DBS-001-40,791e81f4,40
DBS-001-5,aed9d397,5
DBS-002-10,e18996cd,10
DBS-002-20,f95920a8,20
DBS-002-40,16c7b9da,40
LMH-WB-001A,a0321d83,40
LMH-WB-001B,1d17efbc,40
LMH-WB-001C,6b00cab7,40
LMH-WB-001D,2507b607,40
LMH-WB-002A,928a21ff,40
LMH-WB-002B,7c77bee4,40
LMH-WB-002C,00d214cf,40
LMH-WB-002D,4d7c6f27,40
PKLR-CONT-01,b60b16ca,100
PKLR-CONT-02,2cc9507e,100
PKLR-CONT-03,2e1978a7,100
PKLR-CONT-04,cde5cd3a,100
PKLR-CONT-05,787d309a,100
PKLR-CONT-06,3c56cb7e,100
PKLR-CONT-07,7d5bf9d5,100
PKLR-CONT-08,be5c7cfe,100
PKLR-CONT-09,50965561,100
PKLR-CONT-10,f44d876e,100
PKLR-CONT-11,12a3d2c5,100
PKLR-CONT-12,55676e23,100
PKLR-CONT-13,583023ca,100
PKLR-CONT-14,f857341f,100
PKLR-CONT-15,432f83ec,100
PKLR-CONT-16,89c8061a,100
PKLR-CONT-17,0b706e0d,100
PKLR-CONT-18,38955e83,100
PKLR-CONT-19,6b420b2d,100
PKLR-CONT-20,e9a1ced6,100
PKLR-CONT-21,a02e516e,100
PKLR-CONT-22,d40f7a46,100
PKLR-CONT-23,107f96a8,100
PKLR-CONT-24,87f6c5ef,100
PKLR-CONT-25,6719451b,100
PKLR-CONT-26,1efbddd4,100
PKLR-CONT-27,49f2c917,100
PKLR-CONT-28,afbba502,100
PKLR-CONT-29,17d30c4f,100
PKLR-CONT-30,d57e4d52,100
PKLR-CONT-31,4af3a8eb,100
PKLR-CONT-32,be29000b,100
PKLR-CONT-33,a2487b5e,100
PKLR-CONT-34,abb12585,100
PKLR-CONT-35,c0a0911b,100
PKLR-CONT-36,d1a3eb72,100
PKLR-CONT-37,e4eeac30,100
PKLR-CONT-38,ee6aabcd,100
PKLR-CONT-39,6e06407b,100
PKLR-CONT-40,95dd0fae,100
DBS-CP-001,bfdcd965,10
DBS-JK-001,2221cb58,10
DBS-KP-001,b418f71e,10
DBS-RCC-001,b68cdfc5,10
DBS-RCC-002,3adf607a,10
DBS-RCC-003,b18dce7e,10
DBS-RCC-004,fac1e4fa,10
DBS-RCC-005,e00510a3,10
DBS-RCC-006,1c27401f,10
DBS-RCC-007,75e903e3,10
DBS-RCC-008,960b1dc8,10
DBS-RCC-009,15e34d91,10
DBS-RCC-010,c0b44d98,10
DBS-RCC-011,788d0f07,10
DBS-RCC-012,1ce4f415,10
DBS-RCC-013,7f9efa66,10
HBB-CONT-003,cb269b5c,100
HBB-CONT-006,b9d28925,100
PKLR-CONT-01,30d0ad38,100
PKLR-CONT-02,cb4c901c,100
PKLR-CONT-03,2f47a11d,100
PKLR-CONT-04,2c3ad374,100
PKLR-CONT-05,103bac7f,100
PKLR-CONT-06,c2d9022e,100
PKLR-CONT-07,c8d77156,100
PKLR-CONT-08,2eb972a0,100
PKLR-CONT-25,f9eab85e,100
PKLR-CONT-26,a80be45a,100
PKLR-CONT-27,f49d9abc,100
PKLR-CONT-28,e55fec45,100
PKLR-CONT-29,1e161f37,100
PKLR-CONT-41,fe62d33,100
