Name,Hash
001-10,92dc57b9
001-20,5279170e
0001-02-05,62be556b
001-40,4744e980
001-5,1854ec89
001-80,051542e0
002-10,afb39ba1
0002-01-25,ea700ce1
002-20,2e97eebd
0002-02-05,c88f88e2
002-40,7b848d72
002-5,abbe63e2
002-80,396b780d
DBS-001-10,365af329
DBS-001-20,bdcc5300
DBS-001-40,791e81f4
DBS-001-5,aed9d397
DBS-002-10,e18996cd
DBS-002-20,f95920a8
DBS-002-40,16c7b9da
LMH-WB-001A,a0321d83
LMH-WB-001B,1d17efbc
LMH-WB-001C,6b00cab7
LMH-WB-001D,2507b607
LMH-WB-002A,928a21ff
LMH-WB-002B,7c77bee4
LMH-WB-002C,00d214cf
LMH-WB-002D,4d7c6f27
PKLR-CONT-01,b60b16ca
PKLR-CONT-02,2cc9507e
PKLR-CONT-03,2e1978a7
PKLR-CONT-04,cde5cd3a
PKLR-CONT-05,787d309a
PKLR-CONT-06,3c56cb7e
PKLR-CONT-07,7d5bf9d5
PKLR-CONT-08,be5c7cfe
PKLR-CONT-09,50965561
PKLR-CONT-10,f44d876e
PKLR-CONT-11,12a3d2c5
PKLR-CONT-12,55676e23
PKLR-CONT-13,583023ca
PKLR-CONT-14,f857341f
PKLR-CONT-15,432f83ec
PKLR-CONT-16,89c8061a
PKLR-CONT-17,0b706e0d
PKLR-CONT-18,38955e83
PKLR-CONT-19,6b420b2d
PKLR-CONT-20,e9a1ced6
PKLR-CONT-21,a02e516e
PKLR-CONT-22,d40f7a46
PKLR-CONT-23,107f96a8
PKLR-CONT-24,87f6c5ef
PKLR-CONT-25,6719451b
PKLR-CONT-26,1efbddd4
PKLR-CONT-27,49f2c917
PKLR-CONT-28,afbba502
PKLR-CONT-29,17d30c4f
PKLR-CONT-30,d57e4d52
PKLR-CONT-31,4af3a8eb
PKLR-CONT-32,be29000b
PKLR-CONT-33,a2487b5e
PKLR-CONT-34,abb12585
PKLR-CONT-35,c0a0911b
PKLR-CONT-36,d1a3eb72
PKLR-CONT-37,e4eeac30
PKLR-CONT-38,ee6aabcd
PKLR-CONT-39,6e06407b
PKLR-CONT-40,95dd0fae
DBS-CP-001,bfdcd965
DBS-JK-001,2221cb58
DBS-KP-001,b418f71e
DBS-RCC-001,b68cdfc5
DBS-RCC-002,3adf607a
DBS-RCC-003,b18dce7e
DBS-RCC-004,fac1e4fa
DBS-RCC-005,e00510a3
DBS-RCC-006,1c27401f
DBS-RCC-007,75e903e3
DBS-RCC-008,960b1dc8
DBS-RCC-009,15e34d91
DBS-RCC-010,c0b44d98
DBS-RCC-011,788d0f07
DBS-RCC-012,1ce4f415
DBS-RCC-013,7f9efa66
HBB-CONT-003,cb269b5c
HBB-CONT-006,b9d28925
PKLR-CONT-01,30d0ad38
PKLR-CONT-02,cb4c901c
PKLR-CONT-03,2f47a11d
PKLR-CONT-04,2c3ad374
PKLR-CONT-05,103bac7f
PKLR-CONT-06,c2d9022e
PKLR-CONT-07,c8d77156
PKLR-CONT-08,2eb972a0
PKLR-CONT-25,f9eab85e
PKLR-CONT-26,a80be45a
PKLR-CONT-27,f49d9abc
PKLR-CONT-28,e55fec45
PKLR-CONT-29,1e161f37
PKLR-CONT-41,fe62d33
